-- phpMyAdmin SQL Dump
-- version 5.2.1
-- https://www.phpmyadmin.net/
--
-- Хост: 127.0.0.1
-- Время создания: Ноя 22 2025 г., 06:04
-- Версия сервера: 10.4.32-MariaDB
-- Версия PHP: 8.2.12

SET SQL_MODE = "NO_AUTO_VALUE_ON_ZERO";
START TRANSACTION;
SET time_zone = "+00:00";


/*!40101 SET @OLD_CHARACTER_SET_CLIENT=@@CHARACTER_SET_CLIENT */;
/*!40101 SET @OLD_CHARACTER_SET_RESULTS=@@CHARACTER_SET_RESULTS */;
/*!40101 SET @OLD_COLLATION_CONNECTION=@@COLLATION_CONNECTION */;
/*!40101 SET NAMES utf8mb4 */;

--
-- База данных: `hr_connect`
--

-- --------------------------------------------------------

--
-- Структура таблицы `applications`
--

CREATE TABLE `applications` (
  `id` int(11) NOT NULL,
  `vacancy_id` int(11) NOT NULL,
  `job_seeker_id` int(11) NOT NULL,
  `cover_letter` text DEFAULT NULL,
  `status` enum('pending','accepted','rejected') DEFAULT 'pending',
  `applied_at` timestamp NOT NULL DEFAULT current_timestamp()
) ENGINE=InnoDB DEFAULT CHARSET=utf8mb4 COLLATE=utf8mb4_general_ci;

--
-- Дамп данных таблицы `applications`
--

INSERT INTO `applications` (`id`, `vacancy_id`, `job_seeker_id`, `cover_letter`, `status`, `applied_at`) VALUES
(1, 2, 4, 'Мен джуниор питон разработчикпын', 'pending', '2025-11-12 06:30:20'),
(2, 3, 1, 'Мен бул жумыска тургым келеды', 'pending', '2025-11-19 05:10:58'),
(3, 4, 1, 'Сіздің Junior Software Developer лауазымына арналған жариялағаныңыз менің үлкен қызығушылығымды тудырды. Мен [Қазіргі мамандығыңыз/Білім алған орын] бойынша білім алған, дамуға және командалық жұмысқа ынталы бастаушы әзірлеушімін. Менің мақсатым – бағдарламалық қамтамасыз етуді әзірлеу саласындағы мансабымды сіздің [Компания Аты] командаңызда бастау және оның жобаларының дамуына үлес қосу.\r\n\r\nСіздің талап етілген міндеттеріңіз бен дағдыларыңызға сүйене отырып, мен келесі дағдыларды меңгергенімді растаймын:\r\n\r\nМенің Техникалық Дағдыларым:\r\nНегізгі тіл: Мен JavaScript (ES6+) тілін және React фреймворкының негіздерін меңгердім.\r\n\r\nДеректер: Базалық SQL сұрауларын жаза аламын және қарапайым RESTful API жұмысын түсінемін.\r\n\r\nҚұралдар: Git жүйесін пайдалануда тәжірибем бар (тармақтармен жұмыс, өзгерістерді біріктіру).\r\n\r\nАлгоритмдер: Негізгі алгоритмдер мен деректер құрылымдарын (мәселені шешу үшін) қолдана аламын.\r\n\r\nМенің Тәжірибем және Ынтам:\r\nМен [Курстар Аты] курстарын аяқтау барысында веб-қосымшалар жасауға бағытталған екі жеке жобаны әзірледім. Бұл жобалардың сипаттамасын GitHub-та [GitHub сілтемесі] көре аласыз.\r\n\r\nМен өте тез үйренемін, кез келген жаңа технологияны игеруге дайынмын және тәжірибелі әріптестердің басшылығымен жұмыс істеуге ықыластымын. Менің жұмысымның басты принципі – қателерден сабақ алу және таза, сапалы код жазу.\r\n\r\nМен сіздің компанияңыздың [Компанияның нақты мақсаты немесе қызметі, мысалы, \"инновациялық FinTech шешімдерін әзірлеуге\"] деген ұмтылысын жоғары бағалаймын.\r\n\r\nОсы мүмкіндікті толығырақ талқылау үшін сізбен сұхбаттасуға қуаныштымын. Сіздің уақытыңызға алғысымды білдіремін.\r\n\r\nҚұрметпен,\r\n\r\nӘсет Қанатұлы +7 777 XXX XX XX [Электрондық поштаңыз] [LinkedIn сілтемесі]', 'accepted', '2025-11-19 06:21:32'),
(4, 5, 1, 'Мен джава жумыс итсегим келеды', 'accepted', '2025-11-19 06:31:49'),
(5, 6, 8, 'Мен голангта опыт бар', 'accepted', '2025-11-22 04:23:52');

-- --------------------------------------------------------

--
-- Структура таблицы `users`
--

CREATE TABLE `users` (
  `id` int(11) NOT NULL,
  `email` varchar(255) NOT NULL,
  `password` varchar(255) NOT NULL,
  `user_type` enum('hr','job_seeker') NOT NULL,
  `full_name` varchar(255) NOT NULL,
  `phone` varchar(20) DEFAULT NULL,
  `created_at` timestamp NOT NULL DEFAULT current_timestamp()
) ENGINE=InnoDB DEFAULT CHARSET=utf8mb4 COLLATE=utf8mb4_general_ci;

--
-- Дамп данных таблицы `users`
--

INSERT INTO `users` (`id`, `email`, `password`, `user_type`, `full_name`, `phone`, `created_at`) VALUES
(1, 'hh@gmail.com', '$2y$10$PWB1wbBIS7gmR2EtHYrpPuBD1qlZcnwKq2lMIRpkr/bj6qxsmzv42', 'job_seeker', 'Alibek', '87777777777', '2025-11-12 05:36:14'),
(2, 'a@gmail.com', '$2y$10$dBuhUUnYZ7aoOBgjZvci8.AosmrtFvZypPVoDbwCKwUqyJ4VK7MuS', 'hr', 'Alibek Tolganbaiuly', '+7 (777) 777 77 77', '2025-11-12 05:42:31'),
(3, 'g@gmail.com', '$2y$10$Dor40PK88ZZ7FwlDiueLJegAREJBaKRKV105x4Bp6b57RAjgOwJru', 'hr', 'Alibek Tolganbaiuly', '8 777 777 77 77 ', '2025-11-12 06:28:11'),
(4, 'ff@gmail.com', '$2y$10$jJbJQiRnqG4XEwPuEJx.IOY5GSWiO5y9oWCcLAnzkwG1b/Nh5lSv.', 'job_seeker', 'Нурдаулет', '8 777 999 99 99', '2025-11-12 06:29:55'),
(5, 'hg@gmail.com', '$2y$10$9B/MoMnuLud7GVAUbx8ILuWEcXtSW1N6jTKBzO.l3UeaAfiTzbaxW', 'hr', 'Alibek Tolganbaiuly', '77777777', '2025-11-15 09:23:15'),
(6, 'kham@gmail.com', '$2y$10$6TFrVakd24ExtSR67RfUweuHGMvbtTYdur7iX5EwJWYlzWBCwxMfC', 'hr', 'Хамза', '8 777 777 77 77', '2025-11-19 06:15:54'),
(7, 'alibek@gmail.com', '$2y$10$goqz9QJJUoXmn5FNSpjMWOvObILbmcK3PeV/ZhgLZDFojPlTVwjPu', 'hr', 'Алибек', '8 777 777 77 77', '2025-11-22 04:22:06'),
(8, 'nurdaulet@gmail.com', '$2y$10$QDGToxkZk4JGGKrwohiwbOMfuuEnO5SgODO9JKKUXx1reDmXPK/JW', 'job_seeker', 'Нурдаулет', '8 777 777 77 77', '2025-11-22 04:23:23');

-- --------------------------------------------------------

--
-- Структура таблицы `vacancies`
--

CREATE TABLE `vacancies` (
  `id` int(11) NOT NULL,
  `hr_id` int(11) NOT NULL,
  `title` varchar(255) NOT NULL,
  `description` text NOT NULL,
  `salary` decimal(10,2) DEFAULT NULL,
  `address` text NOT NULL,
  `created_at` timestamp NOT NULL DEFAULT current_timestamp()
) ENGINE=InnoDB DEFAULT CHARSET=utf8mb4 COLLATE=utf8mb4_general_ci;

--
-- Дамп данных таблицы `vacancies`
--

INSERT INTO `vacancies` (`id`, `hr_id`, `title`, `description`, `salary`, `address`, `created_at`) VALUES
(1, 2, 'Junior PHP developer', 'Ищем Junior PHP Developer: Стань частью нашей команды!\r\nПривет! Мы ищем начинающего (Junior) PHP-разработчика, который горит желанием расти в мире бэкенд-разработки. Если ты уже сделал первые шаги в PHP, знаешь, что такое ООП, и хочешь, чтобы твой код приносил реальную пользу — тебе к нам! Мы готовы вкладывать время и знания в твое развитие, а ты получишь крутой опыт под руководством опытных менторов.\r\n\r\nЧто предстоит делать (Обязанности):\r\nРазрабатывать, поддерживать и дорабатывать функционал наших веб-приложений на PHP.\r\n\r\nРаботать с базами данных (MySQL/PostgreSQL) для хранения и обработки данных.\r\n\r\nУчаствовать в отладке и тестировании кода (bug fixing).\r\n\r\nИнтегрировать готовые фронтенд-компоненты (HTML/CSS/JS) с бэкендом.\r\n\r\nПисать чистый, понятный и хорошо комментированный код.\r\n\r\nУчаствовать в командных обсуждениях и code-review.\r\n\r\nПостоянно учиться и осваивать новые технологии и лучшие практики.\r\n\r\nЧто мы ждем от тебя (Требования):\r\nБазовое понимание PHP и принципов Объектно-Ориентированного Программирования (ООП).\r\n\r\nЗнание основ работы с реляционными базами данных (например, MySQL) и умение писать простые SQL-запросы.\r\n\r\nОпыт работы с системой контроля версий Git (ветки, коммиты, merge/rebase).\r\n\r\nПонимание базовых веб-технологий: HTML, CSS, JavaScript.\r\n\r\nОгромное желание учиться, внимательность к деталям и сильные навыки решения проблем (problem-solving).\r\n\r\nХорошие коммуникативные навыки и умение работать в команде.\r\n\r\nБудет большим плюсом:\r\n\r\nЗнакомство с любым PHP-фреймворком (например, Laravel, Symfony).\r\n\r\nПонимание принципов работы RESTful API.\r\n\r\nНаличие собственных учебных или пет-проектов на PHP (покажи нам их!).\r\n\r\nЧто ты получишь, работая с нами:\r\nОфициальное трудоустройство и конкурентную \"белую\" зарплату (указать вилку или обсуждение по результатам собеседования).\r\n\r\nМенторство от опытных Senior-разработчиков. Ты не останешься один на один со сложными задачами.\r\n\r\nВозможность работать над интересными и реальными проектами.\r\n\r\nГибкий график / Удаленная работа / Уютный офис (выбрать нужное).\r\n\r\nОплачиваемое обучение, курсы и конференции.\r\n\r\nМолодой, дружный и заряженный на результат коллектив.', 200000.00, 'Асттана, Достык 6', '2025-11-12 06:25:36'),
(2, 3, 'Junior Python developer', 'Junior Python Developer іздейміз: Болашағы зор жобаларға қосыл! ????\r\nСәлем! Біз Python-да backend әзірлеу әлемінде өсуге құштар жас (Junior) әзірлеушіні іздейміз. Егер сен Python синтаксисін білсең, ООП принциптерін түсінсең және өз кодыңмен нақты нәтиже көрсеткің келсе — біздің командаға қош келдің! Біз сенің дамуыңа уақыт пен білімді инвестициялауға дайынбыз, ал сен тәжірибелі менторлардың жетекшілігімен маңызды тәжірибе жинайсың.\r\n\r\nНе істеу керек (Міндеттер):\r\nБіздің веб-қосымшаларымыздың функционалын Python тілінде әзірлеу, қолдау және жетілдіру.\r\n\r\nМәліметтерді сақтау және өңдеу үшін деректер базаларымен (PostgreSQL/MySQL) жұмыс істеу.\r\n\r\nКодты жөндеуге және тестілеуге қатысу (bug fixing).\r\n\r\nFrontend компоненттерін (HTML/CSS/JS) backend-пен интеграциялау.\r\n\r\nТаза, түсінікті және жақсы түсініктеме берілген код жазу.\r\n\r\nКомандалық талқылауларға және кодты қарауға (code-review) қатысу.\r\n\r\nҮнемі оқып, жаңа технологиялар мен үздік тәжірибелерді меңгеру.\r\n\r\nСенен не күтеміз (Талаптар):\r\nPython тілінің базалық білімі және Объектіге Бағытталған Бағдарламалау (ООП) принциптерін түсіну.\r\n\r\nРеляциялық деректер базаларымен (мысалы, PostgreSQL немесе MySQL) жұмыс істеу негіздерін білу және қарапайым SQL сұрауларын жаза алу.\r\n\r\nGit нұсқасын басқару жүйесімен жұмыс тәжірибесі (тармақтар, коммиттер).\r\n\r\nБазалық веб-технологияларды түсіну: HTML, CSS, JavaScript.\r\n\r\nҮйренуге деген зор құлшыныс, бөлшектерге мұқият болу және мәселелерді шешудің күшті дағдылары (problem-solving).\r\n\r\nКомандада жұмыс істеу және қарым-қатынас дағдылары.\r\n\r\nҮлкен артықшылықтар:\r\n\r\nКез келген Python фреймворкімен таныстық (мысалы, Django, Flask).\r\n\r\nRESTful API жұмыс істеу принциптерін түсіну.\r\n\r\nPython-да жасалған жеке оқу немесе пет-жобаларының болуы (бізге оларды көрсет!).\r\n\r\nБізбен жұмыс істеу арқылы сен не аласың:\r\nРесми жұмысқа орналасу және бәсекеге қабілетті \"ақ\" жалақы (мөлшері сұхбат нәтижесі бойынша талқыланады).\r\n\r\nТәжірибелі Senior-әзірлеушілерден менторлық. Сен күрделі тапсырмалармен жалғыз қалмайсың.\r\n\r\nҚызықты және нақты жобаларда жұмыс істеу мүмкіндігі.\r\n\r\nИкемді жұмыс кестесі / Қашықтықтан жұмыс / Ыңғайлы кеңсе (қажеттісін таңдаңыз).\r\n\r\nТөленетін оқыту, курстар және конференциялар.\r\n\r\nЖалынды және нәтижеге бағытталған жас ұжым.', 400000.00, 'Астана, Туран 5', '2025-11-12 06:29:07'),
(3, 2, 'C++', 'Привет крч с нуля сделаем проект по ПХП ХТМЛ и СИ ЭС ЭС название темы сайт для HR менеджмента во первых крч у нас будет сайт для HR менеджеров и для людей которые ищут работу во первых нам надо сделать с очень красивым и соовременным дизайном у нас короче будут такие страница ты все пиши очень четко и полно нам надо показать основные страницы это страница регистрации страница логина страница для HR менеджеров это люди которые которые будут выкладывать вакансии крч функционал это выкладывание и принятие работника там название вакансии описание надо писать зарплату и адрес и он потом у HR менедзжера у себя будет отобрадаться только его вакансии и когда человек отклинеться крч с базами данных надо порабоать а человек наоборот подает заявку пишет все э', 99999999.99, 'Гонконг, улица синпин', '2025-11-12 06:38:43'),
(4, 6, 'Software Engineer', 'Біз командамызға қосылуға дайын өршіл және тез үйренетін Junior Software Developer-ді іздейміз. Сіз тәжірибелі әріптестеріңіздің басшылығымен жұмыс істейсіз, БҚ әзірлеудің толық цикліне (SDLC) қатысасыз, қателерді жоюға (баг-фиксинг) көмектесесіз және таза, қолдау көрсетуге болатын код жазасыз. Бұл рөл — IT саласындағы мансапты бастау үшін тамаша мүмкіндік.\r\n\r\n✨ Негізгі Міндеттер\r\nӘзірлеу және Кодтау:\r\n\r\nТехникалық тапсырмаларға және команданың кодтау стандарттарына сәйкес қарапайым модульдер мен функцияларды жазу, тестілеу және енгізу.\r\n\r\nЖаңа және бар бағдарламалық қосымшаларды әзірлеуге және қолдауға қатысу.\r\n\r\nҚателерді Жою (Баг-Фиксинг):\r\n\r\nАға әріптестердің бақылауымен кішігірім және орташа қателерді (багтарды) анықтау және жою үшін кодты жөндеуді (дебаггинг) жүргізу.\r\n\r\nКомандамен Өзара Әрекеттесу:\r\n\r\nКүнделікті кездесулерге (Daily Stand-ups), спринттерді жоспарлауға және ретроспективаларға белсенді қатысу (Agile/Scrum әдістемесі).\r\n\r\nCode Review (кодты қарау) процесіне қатысу, өзгерістер енгізу және басқалардың кодынан үйрену.\r\n\r\nКөмек сұрау және кері байланыс беру.\r\n\r\nҚұжаттама және Оқыту:\r\n\r\nЖазылған модульдер үшін техникалық құжаттаманы жасау және қолдау.\r\n\r\nӘзірлеу саласындағы жаңа технологияларды, фреймворктерді және үздік тәжірибелерді үнемі оқып үйрену.\r\n\r\n????️ Техникалық Дағдыларға Қойылатын Талаптар (Hard Skills)\r\n1. Бағдарламалау Негіздері (Міндетті)\r\nБағдарламалау Тілін Білу: Кем дегенде бір бағдарламалау тілін сенімді меңгеру (мысалы, Python, Java, JavaScript, C#, Go – қажеттісін таңдаңыз).\r\n\r\nCS Негіздері: Негізгі Алгоритмдер мен Деректер Құрылымдарын (тізімдер, массивтер, хэш-кестелер, сұрыптау, іздеу) түсіну.\r\n\r\nООП/Функционалдық бағдарламалау: Негізгі принциптерін түсіну (Inheritance, Polymorphism, Encapsulation, егер тілге қатысты болса).\r\n\r\n2. Құралдар мен Орта (Міндетті)\r\nНұсқаны Бақылау Жүйесі: Git-пен жұмыс істеу тәжірибесі (негізгі командалар: commit, push, pull, branch, merge).\r\n\r\nДерекқорлар (Базалық деңгей): SQL жұмыс істеу принциптерін түсіну (қарапайым SELECT, INSERT, UPDATE, DELETE сұрауларын жаза білу).\r\n\r\nRESTful API: Веб-қызметтер мен API қалай жұмыс істейтіні туралы жалпы түсінік.\r\n\r\n3. Мамандандыру (Егер қажет болса, мысалы, Junior Front-end үшін)\r\nFront-end: HTML/CSS және JavaScript негіздерін, сондай-ақ танымал фреймворктердің бірімен (React, Angular, Vue.js) жұмыс істеудің базалық тәжірибесі.\r\n\r\n???? Жеке Қасиеттерге Қойылатын Талаптар (Soft Skills)\r\nҮйренуге Деген Күшті Ықылас: Сындарлы сынды қабылдауға және жаңа технологияларды тез меңгеруге дайындық.\r\n\r\nМәселелерді Шешу Дағдылары: Мәселені талдау, шешу жолдарын ұсыну және ақпаратты өз бетінше іздеу қабілеті.\r\n\r\nКоммуникация: Сұрақтарды анық тұжырымдау және тәлімгерлермен, командамен тиісті түрде өзара әрекеттесу біліктілігі.\r\n\r\nЕгжей-тегжейге Назар Аударту: Ұқыпты және құрылымды код жазу, нұсқауларды орындау қабілеті.\r\n\r\nАғылшын Тілі: Техникалық құжаттаманы оқуға жеткілікті деңгей.\r\n\r\n✅ Білім және Тәжірибе\r\nБілім: Жоғары немесе аяқталмаған техникалық білім (CS, Ақпараттық технологиялар) немесе бейінді курстарды/буткемптерді сәтті аяқтау.\r\n\r\nТәжірибе:\r\n\r\nКоммерциялық әзірлеу тәжірибесі міндетті емес немесе 1 жылға дейін.\r\n\r\nGitHub-та практикалық дағдыларды көрсететін жеке (pet) жобалардың болуы.\r\n\r\nТағылымдамадан өту немесе Open Source жобаларына қатысу тәжірибесі үлкен артықшылық болады.', 200000.00, 'Астана, Улы Дала 55/4', '2025-11-19 06:18:29'),
(5, 6, 'Java Junior', 'Біз Backend жүйелерін әзірлеуге және қолдауға ынталы, Junior Java Developer-ді іздейміз. Бұл рөлде сіз тәжірибелі әзірлеушілердің жетекшілігімен ірі және орта бизнес-қосымшалардың логикалық бөлігін (серверлік бөлігін) құруға, жаңа мүмкіндіктерді енгізуге және жүйенің өнімділігін арттыруға қатысасыз. Бұл Java бағдарламалау саласында мансапты бастаудың тамаша мүмкіндігі.\r\n\r\n✨ Негізгі Міндеттер\r\nКод Әзірлеу және Қолдау:\r\n\r\nJava негізінде (негізінен Spring Framework немесе Spring Boot қолданып) қарапайым және орташа күрделіліктегі серверлік модульдерді жазу.\r\n\r\nЖұмыс істеп тұрған қосымшалардың кодындағы қателерді жөндеу (debugging) және жою.\r\n\r\nКоманданың кодтау стандарттары мен ең жақсы тәжірибелерін ұстану.\r\n\r\nИнтеграция және Тестілеу:\r\n\r\nЖазылған кодқа unit-тесттер (бірлік тестілеу) жасау.\r\n\r\nДерекқорлармен (Database) және сыртқы API-лармен интеграциялау жұмыстарына көмектесу.\r\n\r\nКомандалық Жұмыс:\r\n\r\nКодты қарауға (Code Review) қатысу және тәжірибелі әріптестерден белсенді түрде үйрену.\r\n\r\nЖұмыс жоспарлары мен техникалық құжаттаманы дайындауға қатысу.\r\n\r\n????️ Техникалық Дағдыларға Қойылатын Талаптар (Hard Skills)\r\n1. Java Экожүйесі (Міндетті)\r\nJava SE (Standard Edition): Java тілінің негіздерін сенімді білу (ООП, коллекциялар, ағындар, енгізу/шығару).\r\n\r\nФреймворктар: Spring Core немесе Spring Boot негіздерімен жұмыс істеу тәжірибесі (мысалы, Dependency Injection қалай жұмыс істейтінін түсіну).\r\n\r\nСынау: Unit-тесттерді жаза білу (JUnit, Mockito).\r\n\r\n2. Дерекқорлар және API\r\nSQL/JDBC: SQL негіздерін, реляционды дерекқорлармен (PostgreSQL, MySQL) жұмыс істеу тәжірибесі және JDBC қолдану ұғымы.\r\n\r\nHibernate/JPA (Қалаулы): Егер бар болса, ORM (Object-Relational Mapping) құралдарымен (мысалы, Hibernate) жұмыс істеудің базалық түсінігі.\r\n\r\nREST: RESTful API-ді қалай тұтыну керектігін түсіну.\r\n\r\n3. Құралдар және Процестер\r\nGit: Нұсқаны бақылау жүйесімен (Git) жұмыс істеу тәжірибесі.\r\n\r\nҚұрастыру Құралдары: Maven немесе Gradle-мен жұмыс істеудің базалық тәжірибесі.\r\n\r\nIDE: IntelliJ IDEA немесе Eclipse сияқты әзірлеу орталарымен жұмыс істеу.\r\n\r\n???? Жеке Қасиеттер (Soft Skills)\r\nДамуға Құштарлық: Күрделі тапсырмаларды шешуге және Java/Spring экожүйесінде дамуға жоғары мотивация.\r\n\r\nОқуға Қабілеттілік: Жаңа технологияларды, әсіресе кәсіпорындық жүйелердің архитектурасын тез үйрену қабілеті.\r\n\r\nТехникалық Ағылшын: Техникалық құжаттаманы оқу және ақпараттық ресурстарды (мысалы, Stack Overflow) пайдалану деңгейі.\r\n\r\nЖауапкершілік: Берілген тапсырманы уақытында және сапалы орындау.\r\n\r\n✅ Білім және Тәжірибе\r\nБілім: Жоғары немесе аяқталмаған техникалық/IT білім немесе сәйкес курстарды/буткемптерді сәтті аяқтау.\r\n\r\nТәжірибе:\r\n\r\nJava-да жеке (pet) жобалардың міндетті түрде болуы (GitHub-та көрсетілген).\r\n\r\nЖаңа әзірленген қосымшаларды немесе API-ларды көрсету мүмкіндігі.\r\n\r\nКоммерциялық тәжірибе (1 жылға дейін) артықшылық береді.', 300000.00, 'Асттана, Достык 88', '2025-11-19 06:30:55'),
(6, 7, 'Junior golang', '???? Вакансия: Junior Golang Developer (Кіші Golang Әзірлеуші)\r\n???? Позицияға Шолу\r\nБіз өнімділігі жоғары, сенімді микросервистік архитектураларды әзірлеуге ынталы, Junior Golang Developer-ді іздейміз. Бұл рөлде сіз тәжірибелі әзірлеушілердің жетекшілігімен серверлік қосымшаларды әзірлеуге, жоғары жүктемелі жүйелердің компоненттерін құруға және Go-тілінің ерекшеліктерін (concurrency, Goroutines) қолдануды үйренуге қатысасыз.\r\n\r\n✨ Негізгі Міндеттер\r\nКод Әзірлеу және Қолдау:\r\n\r\nGolang тілінде техникалық сипаттамаларға сәйкес Backend логикасының қарапайым бөліктерін жазу.\r\n\r\nЖұмыс істеп тұрған қосымшалардағы қателерді (багтарды) анықтау және жою.\r\n\r\nGo тілінің және компанияның стандарттарына сәйкес таза, өнімді код жазу.\r\n\r\nConcurrency (Бірмезгілдік) Негіздері:\r\n\r\nGoroutines және Channels сияқты Go-тілінің негізгі concurrency механизмдерін пайдалануды үйрену.\r\n\r\nИнтеграция:\r\n\r\nREST API және gRPC (қажет болса) интерфейстерін жасауға және қолдауға қатысу.\r\n\r\nДерекқорлармен (Database) өзара әрекеттесетін код жазу.\r\n\r\nКомандалық Жұмыс:\r\n\r\nCode Review процестеріне белсенді қатысу және тәжірибелі әріптестерден үздіксіз үйрену.\r\n\r\nЖобалау және жоспарлау кездесулеріне қатысу.\r\n\r\n????️ Техникалық Дағдыларға Қойылатын Талаптар (Hard Skills)\r\n1. Golang Негіздері (Міндетті)\r\nGo Syntax: Golang тілінің синтаксисін, деректер құрылымдарын және негізгі кітапханаларын (standard library) білу.\r\n\r\nConcurrency: Goroutines және Channels ұғымдарын, олардың не үшін қажет екенін түсіну.\r\n\r\nGo Modules: Go-да тәуелділіктерді басқару әдістерін түсіну.\r\n\r\n2. Жалпы Backend Концепциялары\r\nSQL/Дерекқорлар: SQL негіздерін және реляционды дерекқорлармен (PostgreSQL, MySQL) жұмыс істеу тәжірибесі.\r\n\r\nAPI: RESTful API жұмыс істеу принциптерін түсіну.\r\n\r\nТестілеу: Go-ның кіріктірілген тестілеу құралдарын (testing package) қолданып, unit-тесттер жаза білу.\r\n\r\n3. Құралдар және Экожүйе\r\nGit: Нұсқаны бақылау жүйесімен (Git) жұмыс істеу.\r\n\r\nLinux/CLI: Командалық жолмен (Command Line Interface) жұмыс істеудің базалық дағдылары.\r\n\r\nDocker (Қалаулы): Егер бар болса, контейнерлендірудің базалық түсінігі.\r\n\r\n???? Жеке Қасиеттер (Soft Skills)\r\nСыни Ойлау: Қарапайым, бірақ тиімді шешімдерді табуға ұмтылу (Go философиясы).\r\n\r\nЖоғары Мотивация: Golang тілінің ерекшеліктерін терең меңгеруге және жоғары жүктемелі жүйелермен жұмыс істеуге ықылас.\r\n\r\nӨзін-өзі Басқару: Тапсырмаларды өз бетінше орындау және білімдегі олқылықтарды толтыру.\r\n\r\nАғылшын Тілі: Техникалық құжаттаманы оқуға жеткілікті деңгей.\r\n\r\n✅ Білім және Тәжірибе\r\nБілім: Жоғары немесе аяқталмаған техникалық/IT білім немесе Golang бағытындағы курстарды сәтті аяқтау.\r\n\r\nТәжірибе:\r\n\r\nМіндетті түрде: Golang-та әзірленген, жұмыс істейтін жеке жобалардың (мысалы, қарапайым API немесе CLI құралы) болуы.\r\n\r\nКоммерциялық тәжірибе (1 жылға дейін) артықшылық береді.', 400000.00, 'Астана, Улы Дала 55/4', '2025-11-22 04:22:45');

--
-- Индексы сохранённых таблиц
--

--
-- Индексы таблицы `applications`
--
ALTER TABLE `applications`
  ADD PRIMARY KEY (`id`),
  ADD KEY `vacancy_id` (`vacancy_id`),
  ADD KEY `job_seeker_id` (`job_seeker_id`);

--
-- Индексы таблицы `users`
--
ALTER TABLE `users`
  ADD PRIMARY KEY (`id`),
  ADD UNIQUE KEY `email` (`email`);

--
-- Индексы таблицы `vacancies`
--
ALTER TABLE `vacancies`
  ADD PRIMARY KEY (`id`),
  ADD KEY `hr_id` (`hr_id`);

--
-- AUTO_INCREMENT для сохранённых таблиц
--

--
-- AUTO_INCREMENT для таблицы `applications`
--
ALTER TABLE `applications`
  MODIFY `id` int(11) NOT NULL AUTO_INCREMENT, AUTO_INCREMENT=6;

--
-- AUTO_INCREMENT для таблицы `users`
--
ALTER TABLE `users`
  MODIFY `id` int(11) NOT NULL AUTO_INCREMENT, AUTO_INCREMENT=9;

--
-- AUTO_INCREMENT для таблицы `vacancies`
--
ALTER TABLE `vacancies`
  MODIFY `id` int(11) NOT NULL AUTO_INCREMENT, AUTO_INCREMENT=7;

--
-- Ограничения внешнего ключа сохраненных таблиц
--

--
-- Ограничения внешнего ключа таблицы `applications`
--
ALTER TABLE `applications`
  ADD CONSTRAINT `applications_ibfk_1` FOREIGN KEY (`vacancy_id`) REFERENCES `vacancies` (`id`),
  ADD CONSTRAINT `applications_ibfk_2` FOREIGN KEY (`job_seeker_id`) REFERENCES `users` (`id`);

--
-- Ограничения внешнего ключа таблицы `vacancies`
--
ALTER TABLE `vacancies`
  ADD CONSTRAINT `vacancies_ibfk_1` FOREIGN KEY (`hr_id`) REFERENCES `users` (`id`);
COMMIT;

/*!40101 SET CHARACTER_SET_CLIENT=@OLD_CHARACTER_SET_CLIENT */;
/*!40101 SET CHARACTER_SET_RESULTS=@OLD_CHARACTER_SET_RESULTS */;
/*!40101 SET COLLATION_CONNECTION=@OLD_COLLATION_CONNECTION */;
